{
  "physical_pts": [
    [
      -1100,
      980
    ],
    [
      890,
      1090
    ],
    [
      -740,
      -1510
    ],
    [
      990,
      -1290
    ]
  ],
  "camera_pts": [
    [
      163.03725960899095,
      -150.7237037019791
    ],
    [
      457.26374346350786,
      -156.56641787566952
    ],
    [
      147.51874344994891,
      -222.29217887039425
    ],
    [
      433.22460246783396,
      -220.70739038537363
    ]
  ]
}