{
  "physical_pts": [
    [
      -790,
      1050
    ],
    [
      880,
      1030
    ],
    [
      -1260,
      -1080
    ],
    [
      1140,
      -1100
    ]
  ],
  "camera_pts": [
    [
      -393.21269782051894,
      451.23893912994356
    ],
    [
      488.86022914033504,
      448.0337693941862
    ],
    [
      -487.5417370158955,
      -414.80813915212366
    ],
    [
      529.4164804581252,
      -424.97274118265295
    ]
  ]
}