{
  "physical_pts": [
    [
      -1100,
      980
    ],
    [
      890,
      1090
    ],
    [
      -740,
      -1510
    ],
    [
      990,
      -1290
    ]
  ],
  "camera_pts": [
    [
      -518.2976881138001,
      497.9076346579398
    ],
    [
      512.1106536262146,
      582.5316817299698
    ],
    [
      -228.12953853020363,
      -514.7895417513298
    ],
    [
      496.48349968319485,
      -427.7199434426804
    ]
  ]
}