{
  "physical_pts": [
    [
      -1100,
      980
    ],
    [
      890,
      1090
    ],
    [
      -740,
      -1510
    ],
    [
      990,
      -1290
    ]
  ],
  "camera_pts": [
    [
      -1608.4887907608693,
      792.8355978260871
    ],
    [
      1489.2353940217397,
      846.3342391304349
    ],
    [
      -1446.7021059782605,
      -959.508152173913
    ],
    [
      1557.1701766304352,
      -644.7323369565217
    ]
  ]
}