{
  "1403": [-36.83078, -130.32223],
  "967": [0.50013, 499.49927]
}
