{
  "967": {
    "0.0,72.0": [
      1194.9980231799923,
      805.4955939374277
    ],
    "120.0,72.0": [
      1387.2271010609998,
      779.1005596538691
    ],
    "120.0,144.0": [
      1312.3820390883093,
      699.5843178211903
    ],
    "0.0,288.0": [
      1198.0,
      656.0
    ],
    "240.0,216.0": [
      1304.5094171736584,
      758.9999837155617
    ],
    "120.0,216.0": [
      1228.502604063275,
      750.2715393873126
    ],
    "0.0,144.0": [
      1289.5797631763458,
      787.336195880375
    ],
    "120.0,288.0": [
      1253.0,
      814.0
    ],
    "0.0,216.0": [
      1292.0,
      695.0
    ],
    "240.0,144.0": [
      1239.1506166692614,
      717.1020246541018
    ],
    "240.0,0.0": [
      1359.0,
      630.0
    ],
    "120.0,0.0": [
      1341.8111453159613,
      863.5928382653093
    ],
    "240.0,72.0": [
      1267.0,
      644.5
    ],
    "240.0,288.0": [
      1290.6100185102312,
      488.3268573269344
    ],
    "0.0,0.0": [
      1144.0,
      729.0
    ]
  },
  "1403": {
    "0.0,72.0": [
      1177.1416810494447,
      1083.2737790161761
    ],
    "120.0,72.0": [
      1378.5142762958917,
      1060.834815795351
    ],
    "120.0,144.0": [
      1317.988868122693,
      996.8453769402445
    ],
    "0.0,288.0": [
      1202.1756853263316,
      940.1202928499854
    ],
    "240.0,216.0": [
      1295.3887618274875,
      1057.5294629646219
    ],
    "120.0,216.0": [
      1222.7890593909897,
      1022.0926174347428
    ],
    "0.0,144.0": [
      1273.2908200375718,
      1071.0536319567725
    ],
    "120.0,288.0": [
      1227.1162487173292,
      1110.4188707181252
    ],
    "0.0,216.0": [
      1290.5490499214714,
      989.1348804490012
    ],
    "240.0,144.0": [
      1223.0,
      1060.0
    ],
    "240.0,0.0": [
      1358.5272727446122,
      923.0
    ],
    "120.0,0.0": [
      1322.0085335853714,
      1133.237214746381
    ],
    "240.0,72.0": [
      1255.282916867132,
      911.1701242067654
    ],
    "240.0,288.0": [
      1383.2505830950577,
      1008.8484498270868
    ],
    "0.0,0.0": [
      1132.820652823223,
      1003.3193642758447
    ]
  }
}