{
  "1403": [
    -1.90807,
    -5.74160
  ],
  "967": [
    -0.19983,
    32.01914
  ]
}
